image,predicted_id
3763_1.jpg,0402
3726_1.jpg,1060
3848_1.jpg,0664
3233_0.jpg,1019
3276_0.jpg,1572
3462_1.jpg,1853
img_0000.jpg,0000
3427_1.jpg,1865
3971_0.jpg,0254
3132_0.jpg,1479
3934_0.jpg,0061
3177_0.jpg,1969
3747_0.jpg,1988
3396_0.jpg,0338
3702_0.jpg,0983
3217_1.jpg,1388
3252_1.jpg,1978
3829_0.jpg,1624
3683_1.jpg,0919
3097_0.jpg,0551
3446_0.jpg,0275
3891_0.jpg,0345
3403_0.jpg,1721
3116_1.jpg,0728
3955_1.jpg,0962
3582_1.jpg,1314
3153_1.jpg,1019
3910_1.jpg,0277
3606_1.jpg,0176
3292_1.jpg,1231
3643_1.jpg,1977
3787_0.jpg,0401
3356_0.jpg,1751
3968_1.jpg,0000
3313_0.jpg,1054
3507_1.jpg,1495
3995_1.jpg,0809
3542_1.jpg,0290
3193_1.jpg,1277
3057_0.jpg,0747
3814_0.jpg,1448
3486_0.jpg,0165
3012_0.jpg,1733
3851_0.jpg,1386
3622_0.jpg,0702
3888_1.jpg,1023
3667_0.jpg,1338
3372_1.jpg,1686
3909_0.jpg,0871
3337_1.jpg,1449
3523_0.jpg,0218
3566_0.jpg,1865
3830_1.jpg,0063
3073_1.jpg,1646
3875_1.jpg,1946
3036_1.jpg,1440
3073_0.jpg,1675
3830_0.jpg,1222
3036_0.jpg,0466
3875_0.jpg,0730
3523_1.jpg,1614
3566_1.jpg,1794
3909_1.jpg,0983
3372_0.jpg,0282
3337_0.jpg,1899
3888_0.jpg,1495
3622_1.jpg,1613
3667_1.jpg,0199
3486_1.jpg,1495
3814_1.jpg,0229
3057_1.jpg,1397
3851_1.jpg,1457
3012_1.jpg,1626
3995_0.jpg,1674
3507_0.jpg,0599
3193_0.jpg,0217
3542_0.jpg,1499
3356_1.jpg,1729
3787_1.jpg,1662
3313_1.jpg,1401
3968_0.jpg,0983
3606_0.jpg,1951
3643_0.jpg,1887
3292_0.jpg,1892
3955_0.jpg,0184
3116_0.jpg,0737
3910_0.jpg,1679
3153_0.jpg,1403
3582_0.jpg,0984
3446_1.jpg,1178
3097_1.jpg,0290
3403_1.jpg,1943
3891_1.jpg,1696
3217_0.jpg,1535
3683_0.jpg,1495
3829_1.jpg,0000
3252_0.jpg,0895
3396_1.jpg,1070
3747_1.jpg,1315
3702_1.jpg,0681
3132_1.jpg,1805
3971_1.jpg,0006
3177_1.jpg,0084
3934_1.jpg,0421
3462_0.jpg,0460
3427_0.jpg,0606
3233_1.jpg,1465
3848_0.jpg,0680
3276_1.jpg,0930
3763_0.jpg,0758
3726_0.jpg,0109
3394_1.jpg,1679
3745_1.jpg,0345
3538_0.jpg,0962
3700_1.jpg,0418
3215_0.jpg,1272
3068_1.jpg,1798
3681_0.jpg,1778
3250_0.jpg,1508
3444_1.jpg,1499
3095_1.jpg,1070
3401_1.jpg,1988
3893_1.jpg,1263
3639_0.jpg,0536
3957_0.jpg,0584
3114_0.jpg,0396
3912_0.jpg,1347
3151_0.jpg,0471
3580_0.jpg,1528
3369_1.jpg,1966
3188_1.jpg,1230
3761_0.jpg,0429
3559_1.jpg,0831
3724_0.jpg,0165
3231_1.jpg,0336
3009_0.jpg,0282
3274_1.jpg,1495
3658_1.jpg,0851
3460_0.jpg,1603
3289_1.jpg,0664
3425_0.jpg,1900
3308_0.jpg,1050
3130_1.jpg,0097
3973_1.jpg,0181
3175_1.jpg,0887
3936_1.jpg,1679
3418_0.jpg,1045
3620_1.jpg,0692
3665_1.jpg,0631
3148_1.jpg,1969
3599_1.jpg,0516
3370_0.jpg,0270
3335_0.jpg,1052
3521_1.jpg,0055
3719_0.jpg,0363
3564_1.jpg,0744
3071_0.jpg,0584
3698_1.jpg,0004
3832_0.jpg,1527
3249_1.jpg,1518
3034_0.jpg,1512
3877_0.jpg,1935
3604_0.jpg,1943
3641_0.jpg,1495
3479_1.jpg,1388
3290_0.jpg,0467
3354_1.jpg,1060
3785_1.jpg,0449
3311_1.jpg,1518
3129_0.jpg,1798
3997_0.jpg,0832
3505_0.jpg,1671
3191_0.jpg,1739
3778_1.jpg,1805
3540_0.jpg,0290
3484_1.jpg,0763
3816_1.jpg,0995
3055_1.jpg,1160
3228_0.jpg,1082
3853_1.jpg,1147
3010_1.jpg,1848
3055_0.jpg,1042
3816_0.jpg,1929
3484_0.jpg,1788
3010_0.jpg,0504
3853_0.jpg,0970
3228_1.jpg,0480
3505_1.jpg,0336
3997_1.jpg,0278
3540_1.jpg,0055
3778_0.jpg,1072
3191_1.jpg,0108
3785_0.jpg,1885
3354_0.jpg,0543
3129_1.jpg,0107
3311_0.jpg,1849
3604_1.jpg,1743
3290_1.jpg,0766
3479_0.jpg,0278
3641_1.jpg,0237
3249_0.jpg,1476
3832_1.jpg,0536
3698_0.jpg,1314
3071_1.jpg,0264
3877_1.jpg,1946
3034_1.jpg,0336
3719_1.jpg,0832
3521_0.jpg,0592
3564_0.jpg,0563
3370_1.jpg,0351
3599_0.jpg,1710
3148_0.jpg,1733
3335_1.jpg,1624
3620_0.jpg,0277
3418_1.jpg,1088
3665_0.jpg,1087
3973_0.jpg,1415
3130_0.jpg,0026
3308_1.jpg,1849
3936_0.jpg,0874
3175_0.jpg,1939
3289_0.jpg,0890
3460_1.jpg,1751
3658_0.jpg,1147
3425_1.jpg,0983
3009_1.jpg,0886
3231_0.jpg,0507
3274_0.jpg,0939
3559_0.jpg,0290
3761_1.jpg,1511
3188_0.jpg,1777
3724_1.jpg,1448
3114_1.jpg,1502
3957_1.jpg,1571
3369_0.jpg,1272
3580_1.jpg,0278
3151_1.jpg,0799
3912_1.jpg,0135
3095_0.jpg,1716
3444_0.jpg,0592
3639_1.jpg,1481
3893_0.jpg,1192
3401_0.jpg,1729
3215_1.jpg,1495
3250_1.jpg,0624
3681_1.jpg,0523
3068_0.jpg,1949
3745_0.jpg,1164
3394_0.jpg,0832
3700_0.jpg,1481
3538_1.jpg,1026
3374_1.jpg,0763
3331_1.jpg,1092
3109_0.jpg,0877
3624_0.jpg,0009
3661_0.jpg,0744
3088_1.jpg,1289
3459_1.jpg,1988
3836_1.jpg,0163
3075_1.jpg,1252
3208_0.jpg,0978
3873_1.jpg,1315
3030_1.jpg,1994
3525_0.jpg,1160
3758_1.jpg,0747
3389_1.jpg,0246
3560_0.jpg,1961
3781_0.jpg,1620
3168_1.jpg,1021
3350_0.jpg,1946
3315_0.jpg,0731
3438_0.jpg,1119
3600_1.jpg,0642
3294_1.jpg,0766
3645_1.jpg,0933
3051_0.jpg,1296
3812_0.jpg,1617
3269_1.jpg,1613
3480_0.jpg,0222
3014_0.jpg,1672
3857_0.jpg,0609
3501_1.jpg,1977
3739_0.jpg,0679
3993_1.jpg,0962
3544_1.jpg,0133
3195_1.jpg,1222
3211_1.jpg,1277
3029_0.jpg,1909
3254_1.jpg,0546
3685_1.jpg,0799
3741_0.jpg,0952
3390_0.jpg,1639
3579_1.jpg,0816
3704_0.jpg,1072
3328_0.jpg,1228
3110_1.jpg,0083
3953_1.jpg,0880
3584_1.jpg,0218
3155_1.jpg,0624
3916_1.jpg,0082
3678_1.jpg,1470
3091_0.jpg,0434
3440_0.jpg,1195
3897_0.jpg,1189
3405_0.jpg,0165
3235_0.jpg,0798
3048_1.jpg,1894
3270_0.jpg,0871
3499_1.jpg,0942
3765_1.jpg,1946
3518_0.jpg,0472
3720_1.jpg,0952
3977_0.jpg,1633
3134_0.jpg,0336
3932_0.jpg,1137
3798_1.jpg,1912
3171_0.jpg,1559
3349_1.jpg,0995
3464_1.jpg,1794
3421_1.jpg,0075
3619_0.jpg,0644
3464_0.jpg,1881
3619_1.jpg,1087
3421_0.jpg,0464
3134_1.jpg,0832
3977_1.jpg,1620
3349_0.jpg,0364
3171_1.jpg,0461
3798_0.jpg,0958
3932_1.jpg,1072
3765_0.jpg,0751
3720_0.jpg,1035
3518_1.jpg,1909
3235_1.jpg,0552
3499_0.jpg,1759
3270_1.jpg,1516
3048_0.jpg,1277
3440_1.jpg,0545
3091_1.jpg,0394
3678_0.jpg,1539
3405_1.jpg,1217
3897_1.jpg,0689
3953_0.jpg,0534
3110_0.jpg,1070
3328_1.jpg,0375
3916_0.jpg,1946
3155_0.jpg,1060
3584_0.jpg,1891
3579_0.jpg,0883
3390_1.jpg,0638
3741_1.jpg,1994
3704_1.jpg,1423
3029_1.jpg,1851
3211_0.jpg,0467
3685_0.jpg,0142
3254_0.jpg,0766
3993_0.jpg,0476
3739_1.jpg,0034
3501_0.jpg,1031
3195_0.jpg,0165
3544_0.jpg,1794
3480_1.jpg,0467
3269_0.jpg,0130
3812_1.jpg,1252
3051_1.jpg,1397
3857_1.jpg,0118
3014_1.jpg,0992
3600_0.jpg,1263
3438_1.jpg,0750
3645_0.jpg,1895
3294_0.jpg,0736
3350_1.jpg,1591
3168_0.jpg,1075
3781_1.jpg,1252
3315_1.jpg,1733
3525_1.jpg,1679
3560_1.jpg,1853
3389_0.jpg,0726
3758_0.jpg,1012
3075_0.jpg,1948
3836_0.jpg,0646
3030_0.jpg,1252
3873_0.jpg,0880
3208_1.jpg,0726
3624_1.jpg,0181
3459_0.jpg,0046
3088_0.jpg,1924
3661_1.jpg,0294
3374_0.jpg,0230
3109_1.jpg,0820
3331_0.jpg,0757
3352_1.jpg,1873
3783_1.jpg,1718
3929_0.jpg,1686
3317_1.jpg,0476
3602_0.jpg,1376
3647_0.jpg,1313
3296_0.jpg,1329
3482_1.jpg,1045
3810_1.jpg,1511
3053_1.jpg,1649
3855_1.jpg,0952
3016_1.jpg,1021
3991_0.jpg,0290
3503_0.jpg,1178
3197_0.jpg,0976
3546_0.jpg,0099
3376_0.jpg,0986
3948_1.jpg,0278
3333_0.jpg,1685
3626_1.jpg,1373
3663_1.jpg,0347
3077_0.jpg,0624
3834_0.jpg,0073
3032_0.jpg,0322
3871_0.jpg,0661
3527_1.jpg,1938
3562_1.jpg,0153
3237_1.jpg,1109
3272_1.jpg,1755
3809_0.jpg,1063
3767_0.jpg,1429
3988_1.jpg,1411
3722_0.jpg,1883
3136_1.jpg,1502
3975_1.jpg,1369
3173_1.jpg,0106
3930_1.jpg,0952
3466_0.jpg,0133
3423_0.jpg,1805
3868_1.jpg,0900
3213_0.jpg,1863
3687_0.jpg,0294
3256_0.jpg,1135
3392_1.jpg,0516
3743_1.jpg,1888
3706_1.jpg,0050
3951_0.jpg,1426
3112_0.jpg,0371
3914_0.jpg,0063
3157_0.jpg,1293
3586_0.jpg,0142
3442_1.jpg,1491
3093_1.jpg,0907
3407_1.jpg,1678
3895_1.jpg,1373
3093_0.jpg,1961
3442_0.jpg,1499
3895_0.jpg,0616
3407_0.jpg,1370
3112_1.jpg,1495
3951_1.jpg,0680
3586_1.jpg,1388
3157_1.jpg,0808
3914_1.jpg,0471
3743_0.jpg,0335
3392_0.jpg,0417
3706_0.jpg,0169
3213_1.jpg,0054
3868_0.jpg,1832
3256_1.jpg,1343
3687_1.jpg,0267
3466_1.jpg,0624
3423_1.jpg,0171
3975_0.jpg,0269
3136_0.jpg,0050
3930_0.jpg,1323
3173_0.jpg,1404
3767_1.jpg,0574
3722_1.jpg,1656
3988_0.jpg,0808
3237_0.jpg,1864
3809_1.jpg,0113
3272_0.jpg,0980
3527_0.jpg,1035
3562_0.jpg,1282
3834_1.jpg,0113
3077_1.jpg,1399
3871_1.jpg,1946
3032_1.jpg,1600
3626_0.jpg,1749
3663_0.jpg,0509
3376_1.jpg,1886
3333_1.jpg,0290
3948_0.jpg,1743
3503_1.jpg,1948
3991_1.jpg,0580
3546_1.jpg,0111
3197_1.jpg,1387
3053_0.jpg,0930
3810_0.jpg,0238
3482_0.jpg,0809
3016_0.jpg,0209
3855_0.jpg,1295
3602_1.jpg,0043
3296_1.jpg,1713
3647_1.jpg,1875
3929_1.jpg,0163
3783_0.jpg,0560
3352_0.jpg,1977
3317_0.jpg,0153
3640_0.jpg,1085
3291_0.jpg,1085
3478_1.jpg,1058
3605_0.jpg,1272
3310_1.jpg,1088
3128_0.jpg,1289
3355_1.jpg,1987
3784_1.jpg,1984
3779_1.jpg,1453
3190_0.jpg,1848
3541_0.jpg,1388
3996_0.jpg,0084
3504_0.jpg,1636
3229_0.jpg,1195
3011_1.jpg,1479
3852_1.jpg,0566
3485_1.jpg,1131
3054_1.jpg,1399
3817_1.jpg,0142
3664_1.jpg,0995
3419_0.jpg,0874
3621_1.jpg,1048
3334_0.jpg,1060
3149_1.jpg,1585
3371_0.jpg,1948
3598_1.jpg,0142
3565_1.jpg,1970
3520_1.jpg,1495
3718_0.jpg,1060
3876_0.jpg,0119
3035_0.jpg,1732
3833_0.jpg,0332
3699_1.jpg,1482
3070_0.jpg,0107
3248_1.jpg,1058
3725_0.jpg,0230
3760_0.jpg,0428
3189_1.jpg,0282
3558_1.jpg,0757
3275_1.jpg,1081
3230_1.jpg,1305
3008_0.jpg,0809
3424_0.jpg,0009
3659_1.jpg,1893
3288_1.jpg,1988
3461_0.jpg,0885
3937_1.jpg,1263
3174_1.jpg,1075
3309_0.jpg,1970
3972_1.jpg,1893
3131_1.jpg,1349
3539_0.jpg,1938
3701_1.jpg,0814
3395_1.jpg,0008
3744_1.jpg,1614
3680_0.jpg,1007
3069_1.jpg,1272
3251_0.jpg,0389
3214_0.jpg,0968
3400_1.jpg,0973
3638_0.jpg,0490
3892_1.jpg,0584
3445_1.jpg,1054
3094_1.jpg,0026
3150_0.jpg,0916
3913_0.jpg,1607
3368_1.jpg,1912
3581_0.jpg,1184
3115_0.jpg,0528
3956_0.jpg,0987
3581_1.jpg,1603
3368_0.jpg,0127
3913_1.jpg,1386
3150_1.jpg,1763
3956_1.jpg,0073
3115_1.jpg,1321
3892_0.jpg,1352
3638_1.jpg,0498
3400_0.jpg,1735
3094_0.jpg,1535
3445_0.jpg,1396
3251_1.jpg,0600
3069_0.jpg,1397
3680_1.jpg,0421
3214_1.jpg,0136
3701_0.jpg,0153
3539_1.jpg,1001
3744_0.jpg,1386
3395_0.jpg,1674
3174_0.jpg,0095
3937_0.jpg,0971
3131_0.jpg,0301
3972_0.jpg,1313
3309_1.jpg,0150
3424_1.jpg,0230
3461_1.jpg,1805
3288_0.jpg,0204
3659_0.jpg,0994
3275_0.jpg,1332
3008_1.jpg,1852
3230_0.jpg,0701
3725_1.jpg,1395
3558_0.jpg,0030
3189_0.jpg,1495
3760_1.jpg,0935
3035_1.jpg,0237
3876_1.jpg,0970
3248_0.jpg,0094
3070_1.jpg,1904
3699_0.jpg,1457
3833_1.jpg,1633
3565_0.jpg,0220
3718_1.jpg,1273
3520_0.jpg,0075
3334_1.jpg,1532
3598_0.jpg,0823
3371_1.jpg,1274
3149_0.jpg,0313
3664_0.jpg,0257
3621_0.jpg,0327
3419_1.jpg,0746
3852_0.jpg,0461
3011_0.jpg,1351
3229_1.jpg,0746
3817_0.jpg,1095
3054_0.jpg,0363
3485_0.jpg,1909
3541_1.jpg,1321
3190_1.jpg,0384
3779_0.jpg,0900
3504_1.jpg,1988
3996_1.jpg,0267
3128_1.jpg,0264
3310_0.jpg,0315
3784_0.jpg,0499
3355_0.jpg,0814
3478_0.jpg,1988
3291_1.jpg,0210
3640_1.jpg,0567
3605_1.jpg,1485
3666_0.jpg,0559
3889_1.jpg,1776
3623_0.jpg,1906
3336_1.jpg,0166
3373_1.jpg,1299
3908_0.jpg,1219
3567_0.jpg,0210
3522_0.jpg,1872
3037_1.jpg,0390
3874_1.jpg,1539
3072_1.jpg,1615
3831_1.jpg,1142
3293_1.jpg,0880
3642_1.jpg,0632
3607_1.jpg,1579
3969_1.jpg,0871
3312_0.jpg,0661
3786_0.jpg,1847
3357_0.jpg,0507
3543_1.jpg,1591
3192_1.jpg,1798
3506_1.jpg,1805
3994_1.jpg,0132
3850_0.jpg,0792
3013_0.jpg,1946
3815_0.jpg,0173
3056_0.jpg,1977
3487_0.jpg,1955
3703_0.jpg,0659
3746_0.jpg,0667
3397_0.jpg,0817
3253_1.jpg,0767
3682_1.jpg,1764
3828_0.jpg,0747
3216_1.jpg,1678
3890_0.jpg,1617
3402_0.jpg,1573
3096_0.jpg,0662
3447_0.jpg,1512
3583_1.jpg,0315
3911_1.jpg,1072
3152_1.jpg,0017
3954_1.jpg,1295
3117_1.jpg,1230
3727_1.jpg,0636
3762_1.jpg,1451
3277_0.jpg,0285
3849_1.jpg,0521
3232_0.jpg,1369
3426_1.jpg,1865
3463_1.jpg,0995
3176_0.jpg,1788
3935_0.jpg,0404
3133_0.jpg,1539
3970_0.jpg,0471
3935_1.jpg,1546
3176_1.jpg,0530
3970_1.jpg,1014
3133_1.jpg,1946
3426_0.jpg,0816
3463_0.jpg,1439
3277_1.jpg,0952
3232_1.jpg,1596
3849_0.jpg,1754
3727_0.jpg,1142
3762_0.jpg,1679
3152_0.jpg,0689
3911_0.jpg,0554
3583_0.jpg,1614
3117_0.jpg,1333
3954_0.jpg,1607
3402_1.jpg,1343
3890_1.jpg,0831
3447_1.jpg,1085
3096_1.jpg,0774
3828_1.jpg,1607
3682_0.jpg,1792
3253_0.jpg,0160
3216_0.jpg,1314
3703_1.jpg,0239
3397_1.jpg,0742
3746_1.jpg,0900
3013_1.jpg,1021
3850_1.jpg,0327
3487_1.jpg,1314
3056_1.jpg,0241
3815_1.jpg,0169
3192_0.jpg,0597
3543_0.jpg,1001
3994_0.jpg,0206
3506_0.jpg,0819
3312_1.jpg,1262
3969_0.jpg,1847
3357_1.jpg,1912
3786_1.jpg,1994
3642_0.jpg,0962
3293_0.jpg,1177
3607_0.jpg,0546
3874_0.jpg,1442
3037_0.jpg,1735
3831_0.jpg,1778
3072_0.jpg,1156
3567_1.jpg,1967
3522_1.jpg,1532
3336_0.jpg,1321
3908_1.jpg,0498
3373_0.jpg,0282
3666_1.jpg,0865
3623_1.jpg,1673
3889_0.jpg,1696
3686_0.jpg,1771
3257_0.jpg,0360
3869_1.jpg,0073
3212_0.jpg,0725
3707_1.jpg,0095
3393_1.jpg,1608
3742_1.jpg,1056
3156_0.jpg,1332
3915_0.jpg,0230
3587_0.jpg,1463
3113_0.jpg,1052
3950_0.jpg,1689
3406_1.jpg,1755
3894_1.jpg,0278
3443_1.jpg,1596
3092_1.jpg,1145
3273_1.jpg,1217
3808_0.jpg,1551
3236_1.jpg,1491
3723_0.jpg,1443
3989_1.jpg,0095
3766_0.jpg,0073
3931_1.jpg,0580
3172_1.jpg,0367
3974_1.jpg,1948
3137_1.jpg,1646
3422_0.jpg,0162
3467_0.jpg,1035
3949_1.jpg,0681
3332_0.jpg,0290
3377_0.jpg,1970
3662_1.jpg,0930
3627_1.jpg,0789
3870_0.jpg,1369
3033_0.jpg,0001
3835_0.jpg,0987
3076_0.jpg,0608
3563_1.jpg,1777
3526_1.jpg,1044
3316_1.jpg,1442
3353_1.jpg,1679
3928_0.jpg,0818
3782_1.jpg,0082
3646_0.jpg,0853
3297_0.jpg,0463
3603_0.jpg,0050
3017_1.jpg,0516
3854_1.jpg,0642
3483_1.jpg,0976
3052_1.jpg,0491
3811_1.jpg,1323
3196_0.jpg,0394
3547_0.jpg,1865
3990_0.jpg,0278
3502_0.jpg,0872
3547_1.jpg,1518
3196_1.jpg,1042
3502_1.jpg,1912
3990_1.jpg,1376
3854_0.jpg,1760
3017_0.jpg,0097
3811_0.jpg,0238
3052_0.jpg,1222
3483_0.jpg,1190
3297_1.jpg,1777
3646_1.jpg,0500
3603_1.jpg,1948
3316_0.jpg,1695
3782_0.jpg,0073
3928_1.jpg,0355
3353_0.jpg,0973
3563_0.jpg,0886
3526_0.jpg,0509
3033_1.jpg,1961
3870_1.jpg,0546
3076_1.jpg,1805
3835_1.jpg,0799
3662_0.jpg,0184
3627_0.jpg,0120
3332_1.jpg,0926
3949_0.jpg,0103
3377_1.jpg,0111
3422_1.jpg,0232
3467_1.jpg,1603
3172_0.jpg,0016
3931_0.jpg,1710
3137_0.jpg,1272
3974_0.jpg,0870
3989_0.jpg,1766
3723_1.jpg,1776
3766_1.jpg,0318
3808_1.jpg,0257
3273_0.jpg,0394
3236_0.jpg,1948
3894_0.jpg,1955
3406_0.jpg,0031
3092_0.jpg,0296
3443_0.jpg,1874
3587_1.jpg,1491
3915_1.jpg,0919
3156_1.jpg,0282
3950_1.jpg,0413
3113_1.jpg,0425
3707_0.jpg,0150
3742_0.jpg,0467
3393_0.jpg,1166
3257_1.jpg,0702
3686_1.jpg,1023
3212_1.jpg,1847
3869_0.jpg,0976
3049_1.jpg,0655
3498_1.jpg,1050
3271_0.jpg,0192
3234_0.jpg,1644
3519_0.jpg,0407
3721_1.jpg,0730
3764_1.jpg,0073
3170_0.jpg,1859
3799_1.jpg,0166
3933_0.jpg,0886
3348_1.jpg,1331
3135_0.jpg,0909
3976_0.jpg,1237
3420_1.jpg,1672
3618_0.jpg,0210
3465_1.jpg,1252
3255_1.jpg,0831
3684_1.jpg,0993
3210_1.jpg,1482
3028_0.jpg,1007
3705_0.jpg,0407
3740_0.jpg,0995
3578_1.jpg,0094
3391_0.jpg,1499
3585_1.jpg,0817
3917_1.jpg,0689
3154_1.jpg,0672
3329_0.jpg,1081
3952_1.jpg,0580
3111_1.jpg,1747
3896_0.jpg,0229
3404_0.jpg,0184
3090_0.jpg,0237
3679_1.jpg,1775
3441_0.jpg,1788
3314_0.jpg,0567
3169_1.jpg,0747
3780_0.jpg,0521
3351_0.jpg,0630
3295_1.jpg,0363
3644_1.jpg,1702
3439_0.jpg,1064
3601_1.jpg,0736
3856_0.jpg,1852
3015_0.jpg,1315
3813_0.jpg,1007
3050_0.jpg,0264
3481_0.jpg,1796
3268_1.jpg,0353
3545_1.jpg,0782
3194_1.jpg,1961
3500_1.jpg,1603
3992_1.jpg,0428
3738_0.jpg,1702
3330_1.jpg,1275
3108_0.jpg,1244
3375_1.jpg,1056
3089_1.jpg,1332
3660_0.jpg,1557
3458_1.jpg,0630
3625_0.jpg,0122
3209_0.jpg,1710
3031_1.jpg,1746
3872_1.jpg,0132
3074_1.jpg,0624
3837_1.jpg,1946
3759_1.jpg,0368
3561_0.jpg,1647
3388_1.jpg,1967
3524_0.jpg,1233
3388_0.jpg,0127
3561_1.jpg,1495
3759_0.jpg,1583
3524_1.jpg,1499
3872_0.jpg,1524
3031_0.jpg,0390
3209_1.jpg,1977
3837_0.jpg,0831
3074_0.jpg,1852
3458_0.jpg,0030
3660_1.jpg,0318
3089_0.jpg,1475
3625_1.jpg,0832
3108_1.jpg,1687
3330_0.jpg,1645
3375_0.jpg,0210
3194_0.jpg,0820
3545_0.jpg,0232
3738_1.jpg,1828
3992_0.jpg,0951
3500_0.jpg,1948
3015_1.jpg,0544
3856_1.jpg,1607
3268_0.jpg,0367
3481_1.jpg,0661
3050_1.jpg,1248
3813_1.jpg,1030
3644_0.jpg,1939
3295_0.jpg,0509
3601_0.jpg,1280
3439_1.jpg,1872
3314_1.jpg,0782
3351_1.jpg,0388
3780_1.jpg,0850
3169_0.jpg,1566
3404_1.jpg,0872
3896_1.jpg,1656
3441_1.jpg,1885
3679_0.jpg,0045
3090_1.jpg,0456
3154_0.jpg,1331
3917_0.jpg,1023
3585_0.jpg,0094
3111_0.jpg,1676
3952_0.jpg,1160
3329_1.jpg,1805
3705_1.jpg,1853
3391_1.jpg,0015
3578_0.jpg,0942
3740_1.jpg,0077
3684_0.jpg,0127
3255_0.jpg,0865
3028_1.jpg,1156
3210_0.jpg,1364
3618_1.jpg,1486
3420_0.jpg,0230
3465_0.jpg,1858
3348_0.jpg,1622
3933_1.jpg,0398
3799_0.jpg,0278
3170_1.jpg,1397
3976_1.jpg,1888
3135_1.jpg,1946
3721_0.jpg,1849
3519_1.jpg,1943
3764_0.jpg,1845
3271_1.jpg,0345
3498_0.jpg,0232
3049_0.jpg,1533
3234_1.jpg,1531
3360_1.jpg,1961
3589_0.jpg,0246
3158_0.jpg,1777
3325_1.jpg,1160
3630_0.jpg,1222
3408_1.jpg,0501
3675_0.jpg,0730
3259_0.jpg,0046
3822_1.jpg,1775
3688_0.jpg,1495
3061_1.jpg,1153
3867_1.jpg,0327
3024_1.jpg,0107
3709_1.jpg,0871
3531_0.jpg,0757
3574_0.jpg,0230
3795_0.jpg,0580
3344_0.jpg,1794
3139_1.jpg,1284
3301_0.jpg,1870
3614_1.jpg,0970
3280_1.jpg,1746
3469_0.jpg,0130
3651_1.jpg,0256
3045_0.jpg,0175
3806_0.jpg,0176
3494_0.jpg,0766
3000_0.jpg,1679
3843_0.jpg,1977
3238_1.jpg,1440
3515_1.jpg,0246
3987_1.jpg,1875
3550_1.jpg,0942
3768_0.jpg,0983
3181_1.jpg,0465
3205_1.jpg,0165
3240_1.jpg,1195
3691_1.jpg,0390
3078_0.jpg,0872
3755_0.jpg,0184
3384_0.jpg,0545
3710_0.jpg,1312
3528_1.jpg,1532
3104_1.jpg,0384
3947_1.jpg,1909
3379_0.jpg,0883
3590_1.jpg,1512
3141_1.jpg,1508
3902_1.jpg,0401
3085_0.jpg,1750
3454_0.jpg,0766
3629_1.jpg,0809
3883_0.jpg,0919
3411_0.jpg,0467
3019_1.jpg,1295
3221_0.jpg,1001
3264_0.jpg,1881
3549_0.jpg,0364
3771_1.jpg,0254
3198_0.jpg,0290
3734_1.jpg,0061
3963_0.jpg,0758
3120_0.jpg,0624
3318_1.jpg,1679
3926_0.jpg,0109
3165_0.jpg,1157
3299_0.jpg,1131
3470_1.jpg,1331
3648_0.jpg,0680
3435_1.jpg,0472
3648_1.jpg,1546
3470_0.jpg,1516
3299_1.jpg,1759
3435_0.jpg,0798
3318_0.jpg,0472
3120_1.jpg,1045
3963_1.jpg,0546
3165_1.jpg,0369
3926_1.jpg,0498
3198_1.jpg,0504
3771_0.jpg,0566
3549_1.jpg,0407
3734_0.jpg,1571
3221_1.jpg,0464
3019_0.jpg,1075
3264_1.jpg,0395
3454_1.jpg,0160
3085_1.jpg,1019
3411_1.jpg,1678
3883_1.jpg,1849
3629_0.jpg,1624
3947_0.jpg,1988
3104_0.jpg,1222
3902_0.jpg,0983
3141_0.jpg,0998
3590_0.jpg,0638
3379_1.jpg,1457
3384_1.jpg,1891
3755_1.jpg,0676
3528_0.jpg,0375
3710_1.jpg,1679
3205_0.jpg,1675
3078_1.jpg,0363
3691_0.jpg,0345
3240_0.jpg,0055
3987_0.jpg,1662
3515_0.jpg,0731
3181_0.jpg,0987
3768_1.jpg,1726
3550_0.jpg,1591
3494_1.jpg,1364
3806_1.jpg,1087
3045_1.jpg,1788
3238_0.jpg,1119
3843_1.jpg,0294
3000_1.jpg,0291
3614_0.jpg,1448
3651_0.jpg,1386
3469_1.jpg,0282
3280_0.jpg,0222
3344_1.jpg,1481
3795_1.jpg,1674
3301_1.jpg,1031
3139_0.jpg,0152
3531_1.jpg,1644
3709_0.jpg,1184
3574_1.jpg,1948
3061_0.jpg,1869
3688_1.jpg,0317
3822_0.jpg,0702
3259_1.jpg,1026
3024_0.jpg,1961
3867_0.jpg,1338
3408_0.jpg,0978
3630_1.jpg,0064
3675_1.jpg,1977
3158_1.jpg,1693
3589_1.jpg,1805
3360_0.jpg,0232
3325_0.jpg,1672
3346_1.jpg,0960
3797_1.jpg,0118
3303_1.jpg,1178
3978_0.jpg,1805
3616_0.jpg,0976
3653_0.jpg,0970
3282_0.jpg,1333
3496_1.jpg,1948
3804_1.jpg,1099
3047_1.jpg,0576
3841_1.jpg,0983
3002_1.jpg,1675
3985_0.jpg,1885
3517_0.jpg,0153
3183_0.jpg,1975
3552_0.jpg,1977
3919_1.jpg,1095
3362_0.jpg,1282
3327_0.jpg,0098
3898_0.jpg,1314
3632_1.jpg,1527
3677_1.jpg,1085
3063_0.jpg,1685
3820_0.jpg,0277
3026_0.jpg,0567
3865_0.jpg,0631
3533_1.jpg,0581
3576_1.jpg,1195
3223_1.jpg,1853
3858_0.jpg,0851
3266_1.jpg,0133
3773_0.jpg,1415
3736_0.jpg,1713
3122_1.jpg,1961
3961_1.jpg,1379
3167_1.jpg,1275
3924_1.jpg,1935
3472_0.jpg,1755
3437_0.jpg,1109
3207_0.jpg,0941
3693_0.jpg,0258
3839_1.jpg,0958
3242_0.jpg,1499
3386_1.jpg,0142
3757_1.jpg,0584
3712_1.jpg,1347
3945_0.jpg,1164
3106_0.jpg,0384
3900_0.jpg,0418
3143_0.jpg,0425
3592_0.jpg,0417
3456_1.jpg,1272
3087_1.jpg,1331
3413_1.jpg,1943
3881_1.jpg,0702
3087_0.jpg,1045
3456_0.jpg,1135
3881_0.jpg,1778
3413_0.jpg,1863
3106_1.jpg,1373
3945_1.jpg,1023
3592_1.jpg,0437
3143_1.jpg,0461
3900_1.jpg,1760
3757_0.jpg,0858
3386_0.jpg,0282
3712_0.jpg,1052
3207_1.jpg,1370
3242_1.jpg,1397
3839_0.jpg,0536
3693_1.jpg,1192
3472_1.jpg,0290
3437_1.jpg,1675
3961_0.jpg,1511
3122_0.jpg,1902
3924_0.jpg,1448
3167_0.jpg,1674
3773_1.jpg,0398
3736_1.jpg,0874
3858_1.jpg,1035
3223_0.jpg,1805
3266_0.jpg,1247
3533_0.jpg,0290
3576_0.jpg,0986
3820_1.jpg,0631
3063_1.jpg,1282
3865_1.jpg,1702
3026_1.jpg,1732
3632_0.jpg,1397
3898_1.jpg,0853
3677_0.jpg,1935
3362_1.jpg,1863
3919_0.jpg,0363
3327_1.jpg,1035
3517_1.jpg,1277
3985_1.jpg,0429
3552_1.jpg,1710
3183_1.jpg,0728
3047_0.jpg,0479
3804_0.jpg,1743
3496_0.jpg,1713
3002_0.jpg,0744
3841_0.jpg,1495
3616_1.jpg,1929
3282_1.jpg,0809
3653_1.jpg,0307
3797_0.jpg,0832
3346_0.jpg,0099
3978_1.jpg,1749
3303_0.jpg,0282
3777_1.jpg,1633
3732_1.jpg,1137
3998_0.jpg,1912
3227_0.jpg,0282
3819_1.jpg,1160
3262_0.jpg,0460
3476_1.jpg,1613
3433_1.jpg,0133
3965_0.jpg,0751
3126_0.jpg,1585
3920_0.jpg,1035
3163_0.jpg,0655
3753_0.jpg,1030
3382_0.jpg,0984
3716_0.jpg,1946
3203_1.jpg,1721
3878_0.jpg,1539
3246_1.jpg,0275
3697_1.jpg,0714
3083_0.jpg,1894
3452_0.jpg,0895
3885_0.jpg,0799
3417_0.jpg,1535
3102_1.jpg,1949
3941_1.jpg,1160
3596_1.jpg,1769
3147_1.jpg,1666
3904_1.jpg,1946
3612_1.jpg,1617
3286_1.jpg,0165
3657_1.jpg,0609
3939_1.jpg,0900
3793_0.jpg,0476
3342_0.jpg,1499
3307_0.jpg,0501
3513_1.jpg,1035
3981_1.jpg,1048
3556_1.jpg,1516
3187_1.jpg,0872
3043_0.jpg,1082
3800_0.jpg,1263
3492_0.jpg,1892
3006_0.jpg,0832
3845_0.jpg,0933
3636_0.jpg,1674
3673_0.jpg,0880
3366_1.jpg,1865
3323_1.jpg,0218
3958_0.jpg,1012
3537_0.jpg,1899
3572_0.jpg,0282
3824_1.jpg,0983
3067_1.jpg,1740
3861_1.jpg,0689
3022_1.jpg,1946
3067_0.jpg,0958
3824_0.jpg,0009
3022_0.jpg,1474
3861_0.jpg,0744
3537_1.jpg,0315
3572_1.jpg,1864
3366_0.jpg,0203
3958_1.jpg,0135
3323_0.jpg,0744
3636_1.jpg,0646
3673_1.jpg,0351
3492_1.jpg,0515
3800_1.jpg,0580
3043_1.jpg,0992
3845_1.jpg,1943
3006_1.jpg,0576
3981_0.jpg,1252
3513_0.jpg,1054
3187_0.jpg,0792
3556_0.jpg,1751
3342_1.jpg,0146
3793_1.jpg,0476
3939_0.jpg,0034
3307_1.jpg,0599
3612_0.jpg,1160
3657_0.jpg,1764
3286_0.jpg,1169
3941_0.jpg,1994
3102_0.jpg,1157
3904_0.jpg,1072
3147_0.jpg,1613
3596_0.jpg,0338
3452_1.jpg,1274
3083_1.jpg,1260
3417_1.jpg,1710
3885_1.jpg,1994
3878_1.jpg,1364
3203_0.jpg,0644
3697_0.jpg,1189
3246_0.jpg,1600
3382_1.jpg,1054
3753_1.jpg,0534
3716_1.jpg,1099
3126_1.jpg,0425
3965_1.jpg,0919
3163_1.jpg,1746
3920_1.jpg,1662
3476_0.jpg,1572
3433_0.jpg,1465
3227_1.jpg,0606
3262_1.jpg,0263
3819_0.jpg,0644
3777_0.jpg,0467
3998_1.jpg,0258
3732_0.jpg,0163
3569_0.jpg,1272
3380_1.jpg,1528
3751_1.jpg,1426
3714_1.jpg,0063
3039_1.jpg,1949
3201_0.jpg,1702
3695_0.jpg,0616
3244_0.jpg,0592
3450_1.jpg,0263
3081_1.jpg,0930
3668_0.jpg,1632
3415_1.jpg,0600
3887_1.jpg,1702
3943_0.jpg,1888
3100_0.jpg,0345
3338_1.jpg,0666
3906_0.jpg,0169
3145_0.jpg,0767
3594_0.jpg,0832
3775_0.jpg,1364
3730_0.jpg,0293
3508_1.jpg,1512
3225_1.jpg,1777
3489_0.jpg,0664
3260_1.jpg,1603
3058_0.jpg,0109
3474_0.jpg,1495
3609_1.jpg,1063
3431_0.jpg,0507
3124_1.jpg,0818
3967_1.jpg,1315
3359_0.jpg,0290
3161_1.jpg,0616
3788_0.jpg,0015
3922_1.jpg,0976
3634_1.jpg,1147
3449_0.jpg,1518
3098_0.jpg,1019
3671_1.jpg,0661
3364_0.jpg,0563
3119_1.jpg,1282
3321_0.jpg,0599
3535_1.jpg,0133
3570_1.jpg,0509
3399_0.jpg,0983
3748_0.jpg,1743
3065_0.jpg,0110
3826_0.jpg,1373
3020_0.jpg,0499
3863_0.jpg,0509
3218_1.jpg,1045
3610_0.jpg,0509
3428_1.jpg,1729
3655_0.jpg,0958
3284_0.jpg,0799
3340_1.jpg,0364
3178_0.jpg,0759
3791_1.jpg,1651
3305_1.jpg,1671
3983_0.jpg,1718
3729_1.jpg,1686
3511_0.jpg,1518
3185_0.jpg,0127
3554_0.jpg,0543
3490_1.jpg,1865
3279_0.jpg,1705
3802_1.jpg,1342
3041_1.jpg,0143
3847_1.jpg,0983
3004_1.jpg,1852
3041_0.jpg,1571
3802_0.jpg,0043
3279_1.jpg,0278
3490_0.jpg,0766
3004_0.jpg,1502
3847_0.jpg,1875
3511_1.jpg,0736
3729_0.jpg,0432
3983_1.jpg,0449
3554_1.jpg,1603
3185_1.jpg,0767
3791_0.jpg,0290
3178_1.jpg,0396
3340_0.jpg,0290
3305_0.jpg,1286
3428_0.jpg,0480
3610_1.jpg,0238
3284_1.jpg,1788
3655_1.jpg,1295
3826_1.jpg,1977
3065_1.jpg,0318
3218_0.jpg,1491
3863_1.jpg,0689
3020_1.jpg,1315
3535_0.jpg,1624
3748_1.jpg,0413
3399_1.jpg,1710
3570_0.jpg,0351
3364_1.jpg,0516
3321_1.jpg,0592
3119_0.jpg,0976
3634_0.jpg,0073
3671_0.jpg,0006
3098_1.jpg,0143
3449_1.jpg,0055
3967_0.jpg,0574
3124_0.jpg,1332
3922_0.jpg,1656
3788_1.jpg,0808
3161_0.jpg,1204
3359_1.jpg,1889
3474_1.jpg,0218
3431_1.jpg,0285
3609_0.jpg,0363
3225_0.jpg,1900
3058_1.jpg,1571
3260_0.jpg,1603
3489_1.jpg,1596
3775_1.jpg,0269
3508_0.jpg,1849
3730_1.jpg,1323
3338_0.jpg,0962
3100_1.jpg,0416
3943_1.jpg,1909
3594_1.jpg,1849
3145_1.jpg,1349
3906_1.jpg,0644
3668_1.jpg,1832
3081_0.jpg,1342
3450_0.jpg,0624
3887_0.jpg,0267
3415_0.jpg,1495
3201_1.jpg,1729
3039_0.jpg,1673
3244_1.jpg,0993
3695_1.jpg,0718
3751_0.jpg,0628
3380_0.jpg,0874
3569_1.jpg,1788
3714_0.jpg,1560
3838_1.jpg,1764
3692_0.jpg,1352
3243_0.jpg,1874
3206_0.jpg,0031
3713_1.jpg,1607
3387_1.jpg,1463
3756_1.jpg,1698
3142_0.jpg,1949
3901_0.jpg,0814
3593_0.jpg,1166
3107_0.jpg,0259
3944_0.jpg,1386
3412_1.jpg,1286
3880_1.jpg,1849
3457_1.jpg,1865
3086_1.jpg,0527
3267_1.jpg,0437
3222_1.jpg,0162
3859_0.jpg,1893
3737_0.jpg,0971
3772_0.jpg,0135
3925_1.jpg,1137
3166_1.jpg,1157
3960_1.jpg,0792
3123_1.jpg,1495
3436_0.jpg,1491
3473_0.jpg,1217
3326_0.jpg,0509
3918_1.jpg,0449
3363_0.jpg,0417
3676_1.jpg,0119
3633_1.jpg,0877
3899_0.jpg,1457
3864_0.jpg,0257
3027_0.jpg,0728
3821_0.jpg,1048
3062_0.jpg,1729
3577_1.jpg,0358
3532_1.jpg,1058
3302_1.jpg,0872
3979_0.jpg,1453
3347_1.jpg,1865
3796_1.jpg,0429
3652_0.jpg,0461
3283_0.jpg,1190
3617_0.jpg,0228
3003_1.jpg,0336
3840_1.jpg,1313
3497_1.jpg,1247
3046_1.jpg,1511
3805_1.jpg,0751
3182_0.jpg,1908
3553_0.jpg,0973
3984_0.jpg,1984
3516_0.jpg,1442
3553_1.jpg,1943
3182_1.jpg,0097
3516_1.jpg,1081
3984_1.jpg,0127
3840_0.jpg,1085
3003_0.jpg,0777
3805_0.jpg,1272
3046_0.jpg,0127
3497_0.jpg,0463
3283_1.jpg,1345
3652_1.jpg,1890
3617_1.jpg,1095
3979_1.jpg,0832
3302_0.jpg,1532
3796_0.jpg,0084
3347_0.jpg,0230
3577_0.jpg,0111
3532_0.jpg,0290
3027_1.jpg,1838
3864_1.jpg,1778
3062_1.jpg,1860
3821_1.jpg,1263
3676_0.jpg,0051
3899_1.jpg,0616
3633_0.jpg,0332
3326_1.jpg,1476
3363_1.jpg,0886
3918_0.jpg,1060
3436_1.jpg,0153
3473_1.jpg,1970
3166_0.jpg,0491
3925_0.jpg,1395
3123_0.jpg,1994
3960_0.jpg,0428
3737_1.jpg,0689
3772_1.jpg,1313
3267_0.jpg,1035
3859_1.jpg,1686
3222_0.jpg,1512
3880_0.jpg,1007
3412_0.jpg,1847
3086_0.jpg,0061
3457_0.jpg,0360
3593_1.jpg,1052
3901_1.jpg,0554
3142_1.jpg,1007
3944_1.jpg,1686
3107_1.jpg,1777
3713_0.jpg,1864
3756_0.jpg,0987
3387_0.jpg,0268
3243_1.jpg,1769
3692_1.jpg,0541
3838_0.jpg,0490
3206_1.jpg,0750
3265_0.jpg,0148
3018_1.jpg,0367
3220_0.jpg,1805
3735_1.jpg,0404
3548_0.jpg,1622
3199_0.jpg,1128
3770_1.jpg,0471
3164_0.jpg,1387
3927_0.jpg,0636
3121_0.jpg,0268
3962_0.jpg,1679
3319_1.jpg,0407
3434_1.jpg,0874
3471_1.jpg,0290
3298_0.jpg,1885
3649_0.jpg,0013
3241_1.jpg,1788
3079_0.jpg,0291
3690_1.jpg,0509
3204_1.jpg,0184
3711_0.jpg,1171
3529_1.jpg,0142
3754_0.jpg,1607
3385_0.jpg,0094
3591_1.jpg,1912
3378_0.jpg,1926
3903_1.jpg,0814
3140_1.jpg,0597
3946_1.jpg,0293
3105_1.jpg,0282
3882_0.jpg,1792
3628_1.jpg,0747
3410_0.jpg,1364
3084_0.jpg,0592
3455_0.jpg,0865
3138_1.jpg,0322
3300_0.jpg,1948
3794_0.jpg,0113
3345_0.jpg,0171
3468_0.jpg,0353
3281_1.jpg,1702
3650_1.jpg,0792
3615_1.jpg,0173
3842_0.jpg,0962
3001_0.jpg,0916
3239_1.jpg,1064
3807_0.jpg,0546
3044_0.jpg,0791
3495_0.jpg,0509
3551_1.jpg,1710
3180_1.jpg,0139
3769_0.jpg,0560
3514_1.jpg,1439
3986_1.jpg,0574
3324_1.jpg,0515
3588_0.jpg,1967
3361_1.jpg,1046
3159_0.jpg,0241
3674_0.jpg,1411
3631_0.jpg,1778
3409_1.jpg,1516
3025_1.jpg,0126
3866_1.jpg,1495
3258_0.jpg,1943
3060_1.jpg,0416
3689_0.jpg,1696
3823_1.jpg,1192
3575_0.jpg,0210
3708_1.jpg,1219
3530_0.jpg,1275
3575_1.jpg,0367
3530_1.jpg,0726
3708_0.jpg,0000
3866_0.jpg,0559
3025_0.jpg,0732
3823_0.jpg,1906
3689_1.jpg,0356
3060_0.jpg,0877
3258_1.jpg,0030
3674_1.jpg,1442
3409_0.jpg,1977
3631_1.jpg,0717
3324_0.jpg,1233
3159_1.jpg,0373
3361_0.jpg,1647
3588_1.jpg,1286
3769_1.jpg,1847
3180_0.jpg,1211
3551_0.jpg,0388
3986_0.jpg,1847
3514_0.jpg,0782
3239_0.jpg,1252
3001_1.jpg,1157
3842_1.jpg,1658
3495_1.jpg,0467
3044_1.jpg,0264
3807_1.jpg,1314
3650_0.jpg,1397
3281_0.jpg,1796
3468_1.jpg,0725
3615_0.jpg,0664
3300_1.jpg,0471
3138_0.jpg,1153
3345_1.jpg,0232
3794_1.jpg,0206
3410_1.jpg,1909
3628_0.jpg,0976
3882_1.jpg,1411
3455_1.jpg,1946
3084_1.jpg,0616
3140_0.jpg,1292
3903_0.jpg,0659
3378_1.jpg,0942
3591_0.jpg,0015
3105_0.jpg,0711
3946_0.jpg,0900
3529_0.jpg,1081
3711_1.jpg,0554
3385_1.jpg,0511
3754_1.jpg,0203
3690_0.jpg,1617
3079_1.jpg,1244
3241_0.jpg,1512
3204_0.jpg,0571
3434_0.jpg,1531
3649_1.jpg,1754
3298_1.jpg,0232
3471_0.jpg,0192
3927_1.jpg,0294
3164_1.jpg,0384
3319_0.jpg,0516
3962_1.jpg,0335
3121_1.jpg,0910
3735_0.jpg,0404
3770_0.jpg,0759
3199_1.jpg,1364
3548_1.jpg,0160
3265_1.jpg,1858
3220_1.jpg,0230
3018_0.jpg,1860
3654_0.jpg,1760
3285_0.jpg,1909
3611_0.jpg,0238
3429_1.jpg,0094
3304_1.jpg,1636
3341_1.jpg,0519
3790_1.jpg,1216
3179_0.jpg,1481
3184_0.jpg,1672
3555_0.jpg,0814
3728_1.jpg,0280
3982_0.jpg,0082
3510_0.jpg,1088
3005_1.jpg,1457
3846_1.jpg,0258
3278_0.jpg,0728
3491_1.jpg,1370
3040_1.jpg,1495
3803_1.jpg,0498
3448_0.jpg,0094
3670_1.jpg,1369
3099_0.jpg,1053
3635_1.jpg,1658
3118_1.jpg,1624
3320_0.jpg,1300
3365_0.jpg,0220
3398_0.jpg,0823
3571_1.jpg,0731
3749_0.jpg,0355
3534_1.jpg,0353
3862_0.jpg,0184
3021_0.jpg,1904
3219_1.jpg,0874
3827_0.jpg,0789
3064_0.jpg,1733
3731_0.jpg,0246
3509_1.jpg,1858
3774_0.jpg,1785
3261_1.jpg,0358
3488_0.jpg,1988
3059_0.jpg,0111
3224_1.jpg,1613
3608_1.jpg,1551
3430_0.jpg,1305
3475_0.jpg,1081
3358_0.jpg,1672
3923_1.jpg,0636
3789_0.jpg,1766
3160_1.jpg,0624
3966_1.jpg,0113
3125_1.jpg,1397
3715_1.jpg,1379
3381_1.jpg,1184
3568_0.jpg,0127
3750_1.jpg,0819
3694_0.jpg,1955
3245_0.jpg,1495
3038_1.jpg,0530
3200_0.jpg,1735
3414_1.jpg,0165
3886_1.jpg,0004
3451_1.jpg,0148
3669_0.jpg,1223
3080_1.jpg,1153
3144_0.jpg,1663
3907_0.jpg,0150
3595_0.jpg,1674
3101_0.jpg,0624
3942_0.jpg,0467
3339_1.jpg,0185
3595_1.jpg,0099
3907_1.jpg,0692
3144_1.jpg,0127
3339_0.jpg,1938
3942_1.jpg,1470
3101_1.jpg,1501
3886_0.jpg,1771
3414_0.jpg,0968
3080_0.jpg,0139
3669_1.jpg,0976
3451_0.jpg,0600
3245_1.jpg,1396
3694_1.jpg,1541
3200_1.jpg,1729
3038_0.jpg,0907
3715_0.jpg,0230
3750_0.jpg,1689
3568_1.jpg,0364
3381_0.jpg,0322
3160_0.jpg,1373
3789_1.jpg,1946
3923_0.jpg,1776
3358_1.jpg,0030
3125_0.jpg,0404
3966_0.jpg,0318
3430_1.jpg,1499
3608_0.jpg,0463
3475_1.jpg,1531
3059_1.jpg,1512
3488_1.jpg,1300
3261_0.jpg,0885
3224_0.jpg,0009
3509_0.jpg,1970
3731_1.jpg,1710
3774_1.jpg,0870
3219_0.jpg,1044
3021_1.jpg,1571
3862_1.jpg,0169
3064_1.jpg,0456
3827_1.jpg,0206
3749_1.jpg,0103
3571_0.jpg,1948
3398_1.jpg,1026
3534_0.jpg,1532
3320_1.jpg,0075
3118_0.jpg,0516
3365_1.jpg,0198
3099_1.jpg,1106
3670_0.jpg,1198
3448_1.jpg,1710
3635_0.jpg,0987
3846_0.jpg,0500
3005_0.jpg,1321
3803_0.jpg,1948
3040_0.jpg,0479
3491_0.jpg,0210
3278_1.jpg,1988
3555_1.jpg,1675
3184_1.jpg,1666
3510_1.jpg,1476
3982_1.jpg,1386
3728_0.jpg,0818
3304_0.jpg,0931
3179_1.jpg,0237
3790_0.jpg,0278
3341_0.jpg,1388
3285_1.jpg,1517
3654_1.jpg,0119
3429_0.jpg,0746
3611_1.jpg,1023
3672_0.jpg,1152
3637_0.jpg,0831
3322_1.jpg,1439
3959_0.jpg,1583
3367_1.jpg,0210
3573_0.jpg,1299
3536_0.jpg,0166
3023_1.jpg,1474
3860_1.jpg,1482
3066_1.jpg,1352
3825_1.jpg,1864
3287_1.jpg,1955
3656_1.jpg,1852
3613_1.jpg,1007
3306_0.jpg,0819
3792_0.jpg,0951
3938_1.jpg,0407
3343_0.jpg,1001
3557_1.jpg,0203
3186_1.jpg,0264
3512_1.jpg,1495
3980_1.jpg,1778
3844_0.jpg,1939
3007_0.jpg,1352
3801_0.jpg,0736
3042_0.jpg,0104
3493_0.jpg,0880
3717_0.jpg,1023
3752_0.jpg,0398
3383_0.jpg,0258
3247_1.jpg,1499
3696_1.jpg,0229
3202_1.jpg,1927
3879_0.jpg,0045
3884_0.jpg,0993
3416_0.jpg,1314
3082_0.jpg,0014
3453_0.jpg,0767
3597_1.jpg,0232
3905_1.jpg,1847
3146_1.jpg,1019
3940_1.jpg,0317
3103_1.jpg,1699
3999_0.jpg,0166
3733_1.jpg,0886
3776_1.jpg,1014
3818_1.jpg,1633
3263_0.jpg,1439
3226_0.jpg,0816
3432_1.jpg,1978
3477_1.jpg,0282
3162_0.jpg,1495
3921_0.jpg,1849
3127_0.jpg,0808
3964_0.jpg,0073
3921_1.jpg,1524
3162_1.jpg,0026
3964_1.jpg,0142
3127_1.jpg,1547
3432_0.jpg,1369
3477_0.jpg,0952
3263_1.jpg,0210
3818_0.jpg,0210
3226_1.jpg,0976
3733_0.jpg,1342
3999_1.jpg,0717
3776_0.jpg,1237
3146_0.jpg,1788
3905_0.jpg,1853
3597_0.jpg,0817
3103_0.jpg,1511
3940_0.jpg,0995
3416_1.jpg,1647
3884_1.jpg,1875
3453_1.jpg,0831
3082_1.jpg,1475
3696_0.jpg,1849
3247_0.jpg,1512
3879_1.jpg,1778
3202_0.jpg,1573
3717_1.jpg,1909
3383_1.jpg,1614
3752_1.jpg,1160
3007_1.jpg,1495
3844_1.jpg,1679
3493_1.jpg,1912
3042_1.jpg,0886
3801_1.jpg,0246
3186_0.jpg,0737
3557_0.jpg,0507
3980_0.jpg,0850
3512_0.jpg,1262
3306_1.jpg,1575
3343_1.jpg,1865
3938_0.jpg,1702
3792_1.jpg,0132
3656_0.jpg,0165
3287_0.jpg,1286
3613_0.jpg,0210
3860_0.jpg,0318
3023_0.jpg,1157
3825_0.jpg,0832
3066_0.jpg,1746
3573_1.jpg,0767
3536_1.jpg,0980
3959_1.jpg,0073
3322_0.jpg,1872
3367_0.jpg,0581
3672_1.jpg,1524
3637_1.jpg,1323
